event_id,date,day_label,start,end,place,area,category,activity,status,tide_note,meal,maps_url,booking
D1-01,2026-07-29,1일차,11:00,11:45,미야코 시모지시마 공항,시모지시마,이동,도착·수하물 수령,항공편 확정,11:00 도착,,https://www.google.com/maps/search/?api=1&query=Miyako%20Shimojishima%20Airport,
D1-02,2026-07-29,1일차,11:45,12:30,PADA X SOU 렌터카,시모지시마,이동,출국장 앞 피켓 미팅·무료 픽업 후 사무실 이동·차량 인수,예약 확정,도착 시 채팅·사무실까지 편도 5분 이내,,https://maps.app.goo.gl/zkaRcF2k9TVfqGvq7?g_st=ac,
D1-02A,2026-07-29,1일차,12:40,13:40,17END,시모지시마,해변,간조 시간 해변 산책·사진,날씨 확인,간조 13:37 34cm 전후,,https://www.google.com/maps/search/?api=1&query=17END%20Shimojishima,
D1-02C,2026-07-29,1일차,13:50,14:50,Blue Turtle,이라부,식사,바다 전망 레스토랑 점심·버거·타코라이스 위주(저녁 파스타와 중복 방지),영업 확인,없음,점심,https://www.google.com/maps/search/?api=1&query=Blue%20Turtle%20Irabu%20Miyakojima,
D1-02B,2026-07-29,1일차,14:50,15:15,와타구치노하마,이라부,해변,점심 식당 바로 앞 백사장 산책,선택,간조 후 상승 구간,,https://www.google.com/maps/search/?api=1&query=Toguchi%20no%20Hama%20Irabu%20Miyakojima,
D1-03,2026-07-29,1일차,15:20,15:50,이라부대교,이라부,관광,공항에서 숙소 방향 전망 드라이브,확정,없음,,https://www.google.com/maps/search/?api=1&query=Irabu%20Bridge%20Miyakojima,
D1-04,2026-07-29,1일차,15:50,16:35,쿠가이 숙소 거점,히라라,휴식,체크인·휴식,확정,없음,,,
D1-05,2026-07-29,1일차,18:00,19:10,Pasta House Niwa,히라라,식사,숙소 인근 첫날 저녁,예약 확정,없음,저녁,https://www.google.com/maps/search/?api=1&query=Pasta%20House%20Niwa%20Miyakojima,예약완료
D1-05B,2026-07-29,1일차,19:15,19:45,트리바 선셋비치,히라라,해변,일몰 18:51 직후 잔광 산책,선택,없음,,https://www.google.com/maps/search/?api=1&query=Miyako%20Sunset%20Beach%20Hirara,
D1-06,2026-07-29,1일차,19:50,20:40,MaxValu 미야코미나미점·다이소,히라라,쇼핑,생수·아침·해변 용품 구매,확정,없음,,https://www.google.com/maps/search/?api=1&query=MaxValu%20Miyako%20Minami,
D2-01,2026-07-30,2일차,09:00,09:30,쿠가이 숙소 거점,히라라,식사,아침·장비 점검,확정,없음,아침,,
D2-02,2026-07-30,2일차,09:30,10:15,후나쿠스 비치 이동,이케마,이동,숙소에서 북부 이동,확정,만조 07:22 이후 하강 구간 도착,,https://www.google.com/maps/search/?api=1&query=Funakusu%20Beach%20Miyakojima,
D2-03,2026-07-30,2일차,10:15,11:45,후나쿠스 비치,이케마,해변,스노클링·해변,날씨 확인,만조 후 하강 구간·간조 14:07 33cm 전 종료,,https://www.google.com/maps/search/?api=1&query=Funakusu%20Beach%20Miyakojima,
D2-04,2026-07-30,2일차,11:55,12:25,Gelato Cafe Ninufa,이케마,카페,젤라토·휴식,영업 확인,없음,간식,https://www.google.com/maps/search/?api=1&query=Gelato%20Cafe%20Ninufa,
D2-05,2026-07-30,2일차,12:35,13:05,이케마대교 전망,이케마,관광,전망·사진,확정,낮음,,https://www.google.com/maps/search/?api=1&query=Ikema%20Bridge%20Miyakojima,
D2-06,2026-07-30,2일차,13:20,14:20,HARRY'S Shrimp Truck,북부,식사,갈릭 슈림프 늦은 점심,영업 확인,없음,점심,https://www.google.com/maps/search/?api=1&query=HARRY%27S%20Shrimp%20Truck%20Miyakojima,
D2-07,2026-07-30,2일차,14:35,15:10,니시헨나자키,북부,관광,곶 산책·풍경,선택,없음,,https://www.google.com/maps/search/?api=1&query=Nishi-Hennazaki%20Miyakojima,
D2-08,2026-07-30,2일차,15:40,17:30,쿠가이 숙소 거점,히라라,휴식,샤워·낮잠·정비,확정,없음,,,
D2-09,2026-07-30,2일차,18:20,20:10,Dining & Bar Free Bird,히라라,식사,노을 시간 저녁,6석 예약 권장,18:50 일몰,저녁,https://www.google.com/maps/search/?api=1&query=Dining%20%26%20Bar%20Free%20Bird%20Miyakojima,예약필
D3-01,2026-07-31,3일차,09:00,09:40,쿠가이 숙소 거점,히라라,식사,여유 아침·공항 픽업 준비,확정,없음,아침,,
D3-02,2026-07-31,3일차,09:40,10:30,쿠가이 숙소 거점,히라라,휴식,휴식·오후 해변 준비,확정,없음,,,
D3-03A,2026-07-31,3일차,10:30,11:15,시모지시마 공항 이동,히라라→시모지시마,이동,공항 픽업을 위한 이동,시간 엄수,11:30 공항 도착 기준 15분 여유,,https://www.google.com/maps/search/?api=1&query=Miyako%20Shimojishima%20Airport,
D3-03B,2026-07-31,3일차,11:15,11:30,미야코 시모지시마 공항,시모지시마,이동,주차·도착편 확인·11시 30분 픽업,고정 일정,11:30까지 공항 도착,,https://www.google.com/maps/search/?api=1&query=Miyako%20Shimojishima%20Airport,
D3-03C,2026-07-31,3일차,11:30,12:20,쿠가이 숙소 거점,히라라,이동,픽업 후 숙소 이동·짐 하차,확정,없음,,,
D3-03D,2026-07-31,3일차,12:30,13:30,시마노에키 미야코,히라라,식사,여러 메뉴 중 선택 가능한 가족 점심,영업 확인,없음,점심,https://www.google.com/maps/search/?api=1&query=Shima%20no%20Eki%20Miyakojima,
D3-06,2026-07-31,3일차,14:00,14:45,시마 카페 돈카라야,남부,카페,정원 카페·간식,영업 확인,없음,간식,https://www.google.com/maps/search/?api=1&query=Shima%20Cafe%20Dunkaraya%20Miyakojima,
D3-07,2026-07-31,3일차,15:15,17:00,요나하 마에하마 비치,남서부,해변,해변 산책·수영 선택,날씨 확인,14:36 간조 후 상승,,https://www.google.com/maps/search/?api=1&query=Yonaha%20Maehama%20Beach%20Miyakojima,
D3-08,2026-07-31,3일차,17:20,17:45,Blue Seal 파이나가마점,히라라,카페,아이스크림·휴식,영업 확인,없음,간식,https://www.google.com/maps/search/?api=1&query=Blue%20Seal%20Miyakojima%20Painagama,
D3-09,2026-07-31,3일차,18:00,19:30,카메스시 (亀寿し),히라라,식사,로컬 스시·해산물 저녁,6석 예약 완료·김규나 명의,없음,저녁,https://www.google.com/maps/search/?api=1&query=%EC%B9%B4%EB%A9%94%EC%8A%A4%EC%8B%9C%20(%E4%BA%80%E5%AF%BF%E3%81%97)%20Miyakojima,예약완료
D4-01,2026-08-01,4일차,06:30,07:15,쿠가이 숙소 거점,히라라,식사,아침·투어 장비 확인,투어 고정 시간,야비지 투어 출항 08:00 고정·이 날만 이른 시작,아침,,
D4-02,2026-08-01,4일차,07:15,08:00,야비지 투어 집합지,업체 지정,이동,집합지 이동·접수,업체 확인,높음,,https://www.google.com/maps/search/?api=1&query=Ikema%20Port%20Miyakojima,
D4-03,2026-08-01,4일차,08:00,17:00,야비지 투어,야비지,투어,보트·스노클링,예약 확인,간조 15:05 39cm,점심 포함 확인,https://www.google.com/maps/search/?api=1&query=Yabiji%20Miyakojima,
D4-04,2026-08-01,4일차,17:00,18:20,쿠가이 숙소 거점,히라라,휴식,복귀·샤워·휴식,확정,없음,,,
D4-05,2026-08-01,4일차,19:00,21:00,야키니쿠 나카오,히라라,식사,미야코규 야키니쿠,6석 예약 완료,없음,저녁,https://www.google.com/maps/search/?api=1&query=Yakiniku%20Nakao%20Miyakojima,예약완료
D5-01,2026-08-02,5일차,09:00,10:00,쿠가이 숙소 거점,히라라,휴식,아침·최종 짐 정리·체크아웃,시간 엄수,전날 밤 짐 정리 필수·12:00 항공편 탑승,아침,,
D5-02,2026-08-02,5일차,10:00,11:00,PADA X SOU 반납 사무실 이동,시모지시마,이동,주유 후 지정 사무실로 이동,시간 엄수,11:00 사무실 도착·지도에 폐업함으로 표시되어도 해당 위치가 맞음,,https://maps.app.goo.gl/zkaRcF2k9TVfqGvq7?g_st=ac,
D5-03,2026-08-02,5일차,11:00,11:20,PADA X SOU 렌터카 반납 사무실,시모지시마,이동,차량 반납·무료 송영으로 공항 이동,시간 엄수,12:00 탑승까지 여유가 매우 적으므로 즉시 처리,,https://maps.app.goo.gl/zkaRcF2k9TVfqGvq7?g_st=ac,
D5-04,2026-08-02,5일차,11:20,12:00,미야코 시모지시마 공항,시모지시마,이동,수하물·보안검색·12시 항공편 탑승,항공편 확정,렌터카 반납 지연 시 탑승 위험,,https://www.google.com/maps/search/?api=1&query=Miyako%20Shimojishima%20Airport,
